id;name;surname;patronymic;phone
1;program Yen SMS;Sleek Cotton Keyboard;deposit Metal;436-128-5562 x067
2;service-desk deliver;object-oriented Team-oriented;FTP Liaison Austria;719-307-0281 x843
3;brand deposit;New Mexico enable;New Hampshire Avon Dynamic;(814) 216-6646 x023
4;Plastic purple TCP;Hollow;Avon Plastic matrix;1-815-751-1763
5;aggregate Bike Rand Namibia Dollar;digital Ergonomic Wooden Chicken Wooden;Accounts;(160) 178-1642
6;haptic;frictionless disintermediate New Hampshire;Refined Soap Awesome Steel Salad;383-849-7653 x2162
7;Bike SCSI;Avon;Uganda Shilling deliver withdrawal;(010) 309-9922
8;Valley Division enable;Car;Buckinghamshire Administrator Small Metal Shirt;064.861.6358
9;back up Albania;bypass;AGP e-markets Nepalese Rupee;(727) 323-9827 x15629
10;Personal Loan Account;California Auto Loan Account;payment AGP infrastructures;527-421-9220
